{
    "loss": 4.136382579803467,
    "accuracy": 0.818965494632721
}